{
	"pools": [
	  {
		"rolls": 1,
		"entries": [
		  {
			"type": "minecraft:item",
			"name": "minecraft:player_head",
			"functions": [
			  {
				"function": "minecraft:copy_nbt",
				"source": {
				  "type": "minecraft:storage",
				  "source": "head:manager"
				},
				"ops": [
				  {
					"source": "Copy.tag.display",
					"target": "display",
					"op": "replace"
				  },
				  {
					"source": "Copy.tag.SkullOwner",
					"target": "SkullOwner",
					"op": "replace"
				  }
				]
			  }
			]
		  }
		]
	  }
	]
  }
  