{
	"pools": [
	  {
		"rolls": 1,
		"entries": [
		  {
			"type": "minecraft:item",
			"name": "minecraft:diamond",
			"functions": [
			  {
				"function": "minecraft:set_nbt",
				"tag": "{Enchantments:[{id:\"pht:shinning\"}]}"
			  },
			  {
				"function": "minecraft:set_name",
				"entity": "this",
				"name": {
				  "text": "Head Importer",
				  "color": "gold",
				  "italic": false
				}
			  },
			  {
				"function": "minecraft:set_lore",
				"entity": "this",
				"lore": [
				  [
					{
					  "text": "Crouch while holding",
					  "color": "white",
					  "italic": false
					}
				  ],
				  [
					{
					  "text": "this item to import",
					  "color": "white",
					  "italic": false
					}
				  ],
				  [
					[
					  {
						"score": {
						  "name": "#all",
						  "objective": "skull.data"
						},
						"color": "#40EAB4",
						"bold": true,
						"italic": false
					  },
					  {
						"text": " heads to the",
						"color": "white",
						"bold": false,
						"italic": false
					  }
					]
				  ],
				  [
					{
					  "text": "Head Manager",
					  "color": "green",
					  "italic": false
					}
				  ]
				],
				"replace": false
			  },
			  {
				"function": "minecraft:copy_nbt",
				"source": {
				  "type": "minecraft:storage",
				  "source": "head:list"
				},
				"ops": [
				  {
					"source": "Global[]",
					"target": "List",
					"op": "append"
				  }
				]
			  }
			]
		  }
		]
	  }
	]
  }
  