{
	"pools": [
	  {
		"rolls": 1,
		"entries": [
		  {
			"type": "minecraft:item",
			"name": "minecraft:cow_spawn_egg",
			"functions": [
			  {
				"function": "minecraft:set_name",
				"entity": "this",
				"name": [
					[
					  {
						"text": "[",
						"color": "yellow",
						"italic": false
					  },
					  {
						"text": "He",
						"color":"#5bc140",
						"italic": false
					  },
					  {
						"text": "ad",
						"color":"#4bd054",
						"italic": false
					  },
					  {
						"text": " ",
						"color":"white",
						"italic": false
					  },
					  {
						"text": "Ma",
						"color":"#38ac59",
						"italic": false
					  },
					  {
						"text": "na",
						"color":"#318856",
						"italic": false
					  },
					  {
						"text": "ger",
						"color":"#33654c",
						"italic": false
					  },
					  {
						"text": "]",
						"color": "yellow",
						"italic": false
					  }
					]
				  ]
			  },
			  {
				"function": "minecraft:set_nbt",
				"tag": "{Head_Manager:1b,Enchantments:[{}],EntityTag:{id:\"minecraft:marker\",Tags:[\"skull.head_manager\"]}}"
			  }
			]
		  }
		]
	  }
	]
  }
  