{
	"pools": [
	  {
		"rolls": 1,
		"entries": [
		  {
			"type": "minecraft:item",
			"name": "minecraft:torch",
			"functions": [
			  {
				"function": "minecraft:set_name",
				"entity": "this",
				"name": {
				  "text": "Search Head",
				  "color": "#40EA7E",
				  "italic": false
				}
			  },
			  {
				"function": "minecraft:set_lore",
				"entity": "this",
				"lore": [
				  [
					[
					  {
						"text": "For ID: ",
						"color": "#40EAB4",
						"italic": false
					  },
					  {
						"score": {
						  "name": "@s",
						  "objective": "skull.hdID"
						},
						"color": "white",
						"italic": false
					  }
					]
				  ]
				],
				"replace": true
			  },
			  {
				"function": "minecraft:set_nbt",
				"tag": "{PHT:{ui:1b}}"
			  }
			]
		  }
		]
	  }
	]
  }
  