{
    "pools": [
      {
        "rolls": 1,
        "entries": [
          {
            "type": "minecraft:item",
            "name": "minecraft:barrier",
            "functions": [
              {
                "function": "minecraft:set_name",
                "entity": "this",
                "name": {
                  "text": "No Head Found!",
                  "color": "red",
                  "bold": true,
                  "italic": false
                }
              },
              {
                "function": "minecraft:set_nbt",
                "tag": "{PHT:{ui:1b}}"
              }
            ]
          }
        ]
      }
    ]
  }
  